s1, h1
s1, h2
s1, h3
s1, h4
s1, h5
s1, h6
s1, h7
s2, h8
s2, h9
s2, h10
s2, h11
s2, h12
s2, h13
s2, h14
s3, h15
s3, h16
s3, h17
s3, h18
s3, h19
s3, h20
s3, h21
s4, h22
s4, h23
s4, h24
s4, h25
s4, h26
s4, h27
s4, h28
s5, h29
s5, h30
s5, h31
s5, h32
s5, h33
s5, h34
s5, h35
s6, h36
s6, h37
s6, h38
s6, h39
s6, h40
s6, h41
s6, h42
s7, h43
s7, h44
s7, h45
s7, h46
s7, h47
s7, h48
s7, h49
s8, h50
s8, h51
s8, h52
s8, h53
s8, h54
s8, h55
s8, h56
s9, h57
s9, h58
s9, h59
s9, h60
s9, h61
s9, h62
s9, h63
s10, h64
s10, h65
s10, h66
s10, h67
s10, h68
s10, h69
s10, h70
s11, h71
s11, h72
s11, h73
s11, h74
s11, h75
s11, h76
s11, h77
s12, h782
s12, h792
s12, h802
s12, h812
s12, h822
s12, h832
s12, h842
s13, h85
s13, h86
s13, h87
s13, h88
s13, h89
s13, h90
s13, h91
s14, h92
s14, h93
s14, h94
s14, h95
s14, h96
s14, h97
s14, h98
s15, h99
s15, h100
s15, h101
s15, h102
s15, h103
s15, h104
s15, h105
s16, h106
s16, h107
s16, h108
s16, h109
s16, h110
s16, h112
s17, h113
s17, h114
s17, h115
s17, h116
s17, h117
s17, h118
s17, h119
s18, h120
s18, h121
s18, h122
s18, h123
s18, h124
s18, h125
s18, h126
s19, h127
s19, h128
s19, h129
s19, h130
s19, h131
s19, h132
s19, h133
s20, h134
s20, h135
s20, h136
s20, h137
s20, h138
s20, h139
s20, h140
